资源池,ip,掩码,网关,状态
janz(192.168.1.0/24),192.168.1.7,225.225.225.224,192.168.1.232,未使用
janz(192.168.1.0/24),192.168.1.6,225.225.225.224,192.168.1.232,未使用
janz(192.168.1.0/24),192.168.1.5,225.225.225.224,192.168.1.232,未使用
janz(192.168.1.0/24),192.168.1.4,225.225.225.224,192.168.1.232,未使用
janz(192.168.1.0/24),192.168.1.3,225.225.225.224,192.168.1.232,未使用
janz(192.168.1.0/24),192.168.1.2,225.225.225.224,192.168.1.232,未使用
janz(192.168.1.0/24),192.168.1.1,225.225.225.224,192.168.1.232,未使用
janz(192.168.1.0/24),192.168.1.0,225.225.225.224,192.168.1.232,未使用
janz(192.168.1.0/24),192.168.1.9,225.225.225.224,192.168.1.232,未使用
janz(192.168.1.0/24),192.168.1.8,225.225.225.224,192.168.1.232,未使用
